-- MySQL dump 10.13  Distrib 5.7.19, for Win64 (x86_64)
--
-- Host: localhost    Database: gadgets
-- ------------------------------------------------------
-- Server version	5.7.19

/*!40101 SET @OLD_CHARACTER_SET_CLIENT=@@CHARACTER_SET_CLIENT */;
/*!40101 SET @OLD_CHARACTER_SET_RESULTS=@@CHARACTER_SET_RESULTS */;
/*!40101 SET @OLD_COLLATION_CONNECTION=@@COLLATION_CONNECTION */;
/*!40101 SET NAMES utf8 */;
/*!40103 SET @OLD_TIME_ZONE=@@TIME_ZONE */;
/*!40103 SET TIME_ZONE='+00:00' */;
/*!40014 SET @OLD_UNIQUE_CHECKS=@@UNIQUE_CHECKS, UNIQUE_CHECKS=0 */;
/*!40014 SET @OLD_FOREIGN_KEY_CHECKS=@@FOREIGN_KEY_CHECKS, FOREIGN_KEY_CHECKS=0 */;
/*!40101 SET @OLD_SQL_MODE=@@SQL_MODE, SQL_MODE='NO_AUTO_VALUE_ON_ZERO' */;
/*!40111 SET @OLD_SQL_NOTES=@@SQL_NOTES, SQL_NOTES=0 */;

--
-- Table structure for table `admin`
--

DROP TABLE IF EXISTS `admin`;
/*!40101 SET @saved_cs_client     = @@character_set_client */;
/*!40101 SET character_set_client = utf8 */;
CREATE TABLE `admin` (
  `username` varchar(30) NOT NULL,
  `password` varchar(30) NOT NULL
) ENGINE=InnoDB DEFAULT CHARSET=latin1;
/*!40101 SET character_set_client = @saved_cs_client */;

--
-- Dumping data for table `admin`
--

LOCK TABLES `admin` WRITE;
/*!40000 ALTER TABLE `admin` DISABLE KEYS */;
INSERT INTO `admin` VALUES ('rumu','123'),('rumu','123'),('rumu','123');
/*!40000 ALTER TABLE `admin` ENABLE KEYS */;
UNLOCK TABLES;

--
-- Table structure for table `brand`
--

DROP TABLE IF EXISTS `brand`;
/*!40101 SET @saved_cs_client     = @@character_set_client */;
/*!40101 SET character_set_client = utf8 */;
CREATE TABLE `brand` (
  `brand_id` int(11) NOT NULL AUTO_INCREMENT,
  `brand_name` varchar(50) NOT NULL,
  PRIMARY KEY (`brand_id`)
) ENGINE=InnoDB AUTO_INCREMENT=14 DEFAULT CHARSET=latin1;
/*!40101 SET character_set_client = @saved_cs_client */;

--
-- Dumping data for table `brand`
--

LOCK TABLES `brand` WRITE;
/*!40000 ALTER TABLE `brand` DISABLE KEYS */;
INSERT INTO `brand` VALUES (1,'Samsung'),(2,'Huawei'),(3,'Sony'),(5,'Symphony'),(7,'Walton'),(8,'Asus'),(9,'Xiaomi'),(10,'Oppo'),(12,'HTC'),(13,'Nokia');
/*!40000 ALTER TABLE `brand` ENABLE KEYS */;
UNLOCK TABLES;

--
-- Table structure for table `cart`
--

DROP TABLE IF EXISTS `cart`;
/*!40101 SET @saved_cs_client     = @@character_set_client */;
/*!40101 SET character_set_client = utf8 */;
CREATE TABLE `cart` (
  `id` int(11) NOT NULL AUTO_INCREMENT,
  `c_id` int(11) NOT NULL,
  `p_id` int(11) NOT NULL,
  `quantity` int(11) NOT NULL,
  `address` varchar(50) NOT NULL,
  `price` int(11) NOT NULL,
  PRIMARY KEY (`id`),
  KEY `f_k` (`p_id`),
  KEY `f_k2` (`c_id`),
  CONSTRAINT `f_k` FOREIGN KEY (`p_id`) REFERENCES `phones` (`id`),
  CONSTRAINT `f_k2` FOREIGN KEY (`c_id`) REFERENCES `registration` (`id`)
) ENGINE=InnoDB AUTO_INCREMENT=7 DEFAULT CHARSET=latin1;
/*!40101 SET character_set_client = @saved_cs_client */;

--
-- Dumping data for table `cart`
--

LOCK TABLES `cart` WRITE;
/*!40000 ALTER TABLE `cart` DISABLE KEYS */;
INSERT INTO `cart` VALUES (1,4,60,5,'kjnjk jbjb jhbj',0),(2,4,21,6,'khan shaheb',0),(3,4,3,5,'kkkkk',13490),(6,4,46,1,'csfvdfvdfv',30000);
/*!40000 ALTER TABLE `cart` ENABLE KEYS */;
UNLOCK TABLES;

--
-- Table structure for table `gadget`
--

DROP TABLE IF EXISTS `gadget`;
/*!40101 SET @saved_cs_client     = @@character_set_client */;
/*!40101 SET character_set_client = utf8 */;
CREATE TABLE `gadget` (
  `gadget_id` int(11) NOT NULL AUTO_INCREMENT,
  `gadget_name` varchar(100) NOT NULL,
  `image` varchar(100) NOT NULL,
  `feature` varchar(1000) NOT NULL,
  `price` int(11) NOT NULL,
  PRIMARY KEY (`gadget_id`)
) ENGINE=InnoDB AUTO_INCREMENT=6 DEFAULT CHARSET=latin1;
/*!40101 SET character_set_client = @saved_cs_client */;

--
-- Dumping data for table `gadget`
--

LOCK TABLES `gadget` WRITE;
/*!40000 ALTER TABLE `gadget` DISABLE KEYS */;
INSERT INTO `gadget` VALUES (1,'vr box','img/vr_box.png','*Compatible: 4.7\"- 6\" screen mobile phones  \r\n*Only for left-right 3D films, supports Android & IOS \r\n*Environmentally friendly, fully enclosed design\r\n*Secret images, other people cannot see anything except the wearer \r\n*Convenient to use: watch anytime, anywhere whether sitting, lying, standing\r\n*You will not feel visual fatigue / dizzy even when using for a long time w/ the resin lens \r\n3D picture of the screen effect is super good, awesome feeling\r\n*Made of ABS & spherical resin lens material without stimulation plastic sheet \r\n*Distance between phone & lens design can be adjusted to suit people w/ different visions',450),(2,'ear_phone2','img/earphone2.png','* Lightweight and comfortable\r\n* 100% Genuine and Original Samsung product\r\n* Color: White\r\n* One side of the ear phones is longer than the other side\r\nCompatible with: Mobile Phones',200),(3,'ear_phone','img/earphone.png','* Lightweight and comfortable * 100% Genuine and Original Samsung product * Color: White * One side of the ear phones is longer than the other side Compatible with: Mobile Phones',300),(4,'power_bank','img/power_bank.png','Batteries type	Li-pol\r\nInput interface	Micro USB\r\nOutput interface	USB-A\r\nRated power	10000mAh 3.85V ( 38.5Wh )\r\nInput current	5.0V2.0A 9V/12V18W\r\nOutput current	5.1V2.4A 9V/12V15W MAX\r\n\r\n',1399),(5,'smart_watch','img/smart_watch.png','Compatible Operating System: Part of iOS, AndroidCase Size: 43 x 39 x 1048Hrs of use\r\nWireless technology: Bluetooth Version3.0Sleep monitorPedometer',2200);
/*!40000 ALTER TABLE `gadget` ENABLE KEYS */;
UNLOCK TABLES;

--
-- Table structure for table `image`
--

DROP TABLE IF EXISTS `image`;
/*!40101 SET @saved_cs_client     = @@character_set_client */;
/*!40101 SET character_set_client = utf8 */;
CREATE TABLE `image` (
  `image` varchar(20) NOT NULL,
  `image_text` text
) ENGINE=MyISAM DEFAULT CHARSET=latin1;
/*!40101 SET character_set_client = @saved_cs_client */;

--
-- Dumping data for table `image`
--

LOCK TABLES `image` WRITE;
/*!40000 ALTER TABLE `image` DISABLE KEYS */;
INSERT INTO `image` VALUES ('la.jpg','xasczx'),('chicago.jpg','dcsdz'),('chicago.jpg','dcsdz'),('chicago.jpg',''),('chicago.jpg',''),('chicago.jpg',''),('chicago.jpg',''),('chicago.jpg',''),('04.jpg',NULL),('publication.jpg',NULL),('publication.jpg',''),('publication.jpg',''),('masrura.jpg','a'),('masrura.jpg','b'),('DSC07064.jpg','Alhamdulillah');
/*!40000 ALTER TABLE `image` ENABLE KEYS */;
UNLOCK TABLES;

--
-- Table structure for table `ordertable`
--

DROP TABLE IF EXISTS `ordertable`;
/*!40101 SET @saved_cs_client     = @@character_set_client */;
/*!40101 SET character_set_client = utf8 */;
CREATE TABLE `ordertable` (
  `order_id` int(11) NOT NULL AUTO_INCREMENT,
  `cart_id` int(11) NOT NULL,
  `product_id` int(11) NOT NULL,
  `customer_id` int(11) NOT NULL,
  `amount` int(11) NOT NULL,
  `delivery_status` varchar(50) NOT NULL DEFAULT 'not delivered',
  PRIMARY KEY (`order_id`),
  KEY `f_k3` (`product_id`),
  KEY `f_k4` (`customer_id`),
  KEY `f_k5` (`cart_id`),
  CONSTRAINT `f_k3` FOREIGN KEY (`product_id`) REFERENCES `phones` (`id`),
  CONSTRAINT `f_k4` FOREIGN KEY (`customer_id`) REFERENCES `registration` (`id`),
  CONSTRAINT `f_k5` FOREIGN KEY (`cart_id`) REFERENCES `cart` (`id`)
) ENGINE=InnoDB AUTO_INCREMENT=5 DEFAULT CHARSET=latin1;
/*!40101 SET character_set_client = @saved_cs_client */;

--
-- Dumping data for table `ordertable`
--

LOCK TABLES `ordertable` WRITE;
/*!40000 ALTER TABLE `ordertable` DISABLE KEYS */;
INSERT INTO `ordertable` VALUES (1,1,60,4,0,'delivered'),(2,2,21,4,0,'delivered'),(3,3,3,4,13490,'delivered'),(4,1,60,4,0,'not delivered');
/*!40000 ALTER TABLE `ordertable` ENABLE KEYS */;
UNLOCK TABLES;

--
-- Table structure for table `phones`
--

DROP TABLE IF EXISTS `phones`;
/*!40101 SET @saved_cs_client     = @@character_set_client */;
/*!40101 SET character_set_client = utf8 */;
CREATE TABLE `phones` (
  `id` int(11) NOT NULL AUTO_INCREMENT,
  `model` varchar(50) NOT NULL,
  `catagory` varchar(50) DEFAULT NULL,
  `brand_id` int(11) NOT NULL,
  `brand` varchar(50) NOT NULL,
  `image` varchar(100) NOT NULL,
  `price` int(11) DEFAULT NULL,
  `network` varchar(200) DEFAULT NULL,
  `battery` varchar(200) DEFAULT NULL,
  `camera` varchar(200) DEFAULT NULL,
  `display` varchar(200) DEFAULT NULL,
  `colors` varchar(200) DEFAULT NULL,
  `storage` varchar(200) DEFAULT NULL,
  `processor` varchar(200) DEFAULT NULL,
  `os` varchar(200) DEFAULT NULL,
  `special_feature` varchar(200) DEFAULT NULL,
  `other_feature` varchar(200) DEFAULT NULL,
  `release_date` date DEFAULT NULL,
  PRIMARY KEY (`id`),
  KEY `f_k7` (`brand_id`),
  CONSTRAINT `f_k7` FOREIGN KEY (`brand_id`) REFERENCES `brand` (`brand_id`)
) ENGINE=InnoDB AUTO_INCREMENT=81 DEFAULT CHARSET=latin1;
/*!40101 SET character_set_client = @saved_cs_client */;

--
-- Dumping data for table `phones`
--

LOCK TABLES `phones` WRITE;
/*!40000 ALTER TABLE `phones` DISABLE KEYS */;
INSERT INTO `phones` VALUES (1,'Samsung Galaxy J7','android',1,'Samsung','img/samsung_galaxy_J7.png',64100,'2G, 3G, 4G','Lithium-ion 3300 mAh (removable)\r\nTalk-time: up tp 23 hours (3G)\r\nStand-by time: -','Camera Resolution: (Back)13 Megapixel\nCamera Resolution (Front):5 Megapixel, LED flash, f/1.9 aperture','Display Size & Resolution: 5.5 inches, HD 720 x 1280 pixels\r\nDisplay Type:Super AMOLED Touchscreen','White, Black, Gold, Rose Gold','RAM: 2 GB\r\nROM: 16 GB\r\nMemory Card Slot: MicroSD, up to 256 GB (dedicated slot)','Octa-core, 1.6 GHz','Android Lollipop v5.1','Autofocus, LED flash, auto face recognition, f/1.9 aperture, 28 mm, HDR, panorama mode',NULL,NULL),(3,'Samsung Galaxy J2','android',1,'Samsung','img/samsung_galaxy_j2.png',10000,'2G, 3G, 4G','Lithium-Ion 2600 mAh (removable)\r\nStand-by time: -\r\nTalk-time: -','Camera Resolution (Back): 8 Megapixel\r\nCamera Resolution (Front):5 Megapixel (f/2.2 aperture)','Display Size & Resolution:5.0 inches, 1280 x 720 pixels (294 ppi)\r\nDisplay Type:Super AMOLED Touchscreen','Silver, Black, Gold','RAM:1.5 GB\r\nROM:8 GB\r\nMemory Card Slot:MicroSD, up to 128 GB (dedicated slot)','Quad-core, 1.5 GHz','Android Marshmallow v6.0.1','Camera Factors (Back): Autofocus, LED flash, auto face recognition, face beauty, HDR, panorama mode, f/2.2 aperture',' Bluetooth, GPS, A-GPS, MP3, MP4, Radio, RDS, GPRS, Edge, Multitouch, HTML','2016-08-01'),(4,'Samsung Galaxy J1','android ',1,'Samsung','img/samsung_galaxy_j1.png',9490,'2G, 3G, 4G','Lithium-ion 2050 mAh (Removable)\r\nStand-by time: -\r\nTalk-time: up to 12 hours','Camera Resolution (Back): 5 Megapixel\r\nCamera Resolution (Front):2 Megapixel (f/2.2 aperture)','Display Size & Resolution: 4.5 inches, WVGA 480 x 800 pixels (207 ppi)\r\nDisplay Type	Super AMOLED Touchscreen','White, Black, Gold','RAM: 1 GB\r\nROM: 8 GB\r\nMemory Card Slot: MicroSD, up to 256 GB (dedicated slot)','Quad-core, 1.3 GHz','Android Lollipop v5.1.1','Camera Factors (Back)	F/2.2, autofocus, LED flash, auto face recognition','SIM Card Type: Dual SIM (Micro-SIM, dual stand-by)\nWireless LAN: Yes, Wi-Fi Direct, hotspot\n- Bluetooth, GPS, A-GPS, MP3, MP4, Radio, GPRS, Edge, Multitouch, Loudspeaker\n','2016-01-01'),(5,'Samsung Galaxy S6 Edge','android',1,'Samsung','img/samsung_galaxy_s6.png',64900,'2G, 3G, 4G','Li-Ion 2600 mAh (non-removable)\r\nTalk-time: up to 18 hours','Camera Resolution (Back)	16 Megapixel\nCamera Resolution (Front)	5 Megapixel, dual video call, Auto HDR','Display Size & Resolution	5.1 inches, 1440 x 2560 pixels (577 ppi)\r\nDisplay Type	Super AMOLED Touchscreen, Corning Gorilla Glass 4 protection','White Pearl, Black Sapphire, Gold Platinum, Green Emerald','RAM	3 GB\r\nROM	32 GB\r\nMemory Card Slot	No','Octa-Core, 2,1 GHz, 1,5 GHz','Android Lollipop v5.0.2',' Curved edge screen\r\n- Corning Gorilla Glass 4 back panel\r\n- Fingerprint sensor (PayPal certified)\r\n- Samsung Pay (Visa, MasterCard certified)\r\n- TouchWiz UI\r\n- Wireless charging\r\n- S-Voice, smart sta','SIM Card Type	Single SIM (Nano-SIM)\nDual band, WiFi Direct, WiFi hotspot\nBluetooth, GPS, A-GPS, MP3, MP4, Radio, GPRS, Edge, NFC, Infrared','2015-04-01'),(6,'Samsung Galaxy S5','android',1,'Samsung','img/samsung_galaxy_s5.png',60000,'2G, 3G, 4G','Lithium-ion 2800 mAh\r\nStand-by: up to 390 hours\r\nTalk time: up to 21 hours','Camera Resolution (Back)	16 Megapixel\r\nCamera Resolution (Front)	2 Megapixel, Full HD, dual video call','5.1 inches, FHD 1080 x 1920 pixels (432 ppi)\r\nDisplay Type	Super AMOLED Touchscreen, Corning Gorilla Glass 3 protection','Black, White, Blue, Gold','2 GB\r\nROM	16/32 GB\r\nMicroSD, up to 128 GB','Quad-Core, 2.5 GHz','Android KitKat v4.4.2, upgradable to Android Lollipop 5.0','5312 x 2988 pixels, autofocus, LED flash, dual Shot, Simultaneous HD video and image recording, auto face & smile recognition, image stabilization, HDR','Bluetooth, GPS, A-GPS, MP3, MP4, GPRS, Edge, Multitouch, Java, HTML5, Loudspeaker','2014-04-01'),(7,' Samsung Galaxy S7 Edge','android ',1,'Samsung','img/samsung_galaxy_s7_edge.png',64900,'2G, 3G, 4G','Lithium-ion 3600 mAh (non-removable)\r\nTalk-time: -\r\nWLAN usage: -','Camera Resolution (Back)	12 Megapixel\r\nCamera Resolution (Front)	5 Megapixel, f/1.7, 22mm, dual video call, auto HDR','Display Size & Resolution	5.5 inches, qHD 1440 x 2560 pixels (534 ppi)\r\nDisplay Type	Super AMOLED Touchscreen, Corning Gorilla Glass 4 protection','Black, White, Gold, Silver','RAM	4 GB\r\nROM	32/64 GB','Octa-core (Quad-core 2.3 GHz + quad-core 1.6 GHz)','Android Marshmallow v6.0','Camera Factors (Back)	f/1.7, 26mm, phase detection autofocus, OIS, LED flash, face detection, auto HDR, panorama','Bluetooth, GPS, A-GPS, MP3, MP4, Radio, GPRS, Edge, Multitouch, HTML5, NFC, Infrared','2016-03-01'),(8,'ASUS Zen 55ML','android ',8,'Asus','img/asus_ze55ml.png',34900,'2G, 3G, 4G','Lithium-ion 3600 mAh (non-removable)\r\nTalk-time: -\r\nWLAN usage: -','Camera Resolution (Back)	12 Megapixel\r\nCamera Resolution (Front)	5 Megapixel, f/1.7, 22mm, dual video call, auto HDR','Display Size & Resolution	5.5 inches, qHD 1440 x 2560 pixels (534 ppi)\r\nDisplay Type	Super AMOLED Touchscreen, Corning Gorilla Glass 4 protection','Black, White, Gold, Silver','RAM	4 GB\r\nROM	32/64 GB','Octa-core (Quad-core 2.3 GHz + quad-core 1.6 GHz)','Android Marshmallow v6.0','Camera Factors (Back)	f/1.7, 26mm, phase detection autofocus, OIS, LED flash, face detection, auto HDR, panorama','Bluetooth, GPS, A-GPS, MP3, MP4, Radio, GPRS, Edge, Multitouch, HTML5, NFC, Infrared','2016-03-01'),(9,'ASUS Zen 3','android ',8,'Asus','img/asus_zen3.png',23000,'2G, 3G, 4G','Lithium-ion 3600 mAh (non-removable)\r\nTalk-time: -\r\nWLAN usage: -','Camera Resolution (Back)	12 Megapixel\r\nCamera Resolution (Front)	5 Megapixel, f/1.7, 22mm, dual video call, auto HDR','Display Size & Resolution	5.5 inches, qHD 1440 x 2560 pixels (534 ppi)\r\nDisplay Type	Super AMOLED Touchscreen, Corning Gorilla Glass 4 protection','Black, White, Gold, Silver','RAM	4 GB\r\nROM	32/64 GB','Octa-core (Quad-core 2.3 GHz + quad-core 1.6 GHz)','Android Marshmallow v6.0','Camera Factors (Back)	f/1.7, 26mm, phase detection autofocus, OIS, LED flash, face detection, auto HDR, panorama','Bluetooth, GPS, A-GPS, MP3, MP4, Radio, GPRS, Edge, Multitouch, HTML5, NFC, Infrared','2016-03-01'),(10,'ASUS Zen 2','android ',8,'Asus','img/asus_zen2.png',20000,'2G, 3G, 4G','Lithium-ion 3600 mAh (non-removable)\r\nTalk-time: -\r\nWLAN usage: -','Camera Resolution (Back)	12 Megapixel\r\nCamera Resolution (Front)	5 Megapixel, f/1.7, 22mm, dual video call, auto HDR','Display Size & Resolution	5.5 inches, qHD 1440 x 2560 pixels (534 ppi)\r\nDisplay Type	Super AMOLED Touchscreen, Corning Gorilla Glass 4 protection','Black, White, Gold, Silver','RAM	4 GB\r\nROM	32/64 GB','Octa-core (Quad-core 2.3 GHz + quad-core 1.6 GHz)','Android Marshmallow v6.0','Camera Factors (Back)	f/1.7, 26mm, phase detection autofocus, OIS, LED flash, face detection, auto HDR, panorama','Bluetooth, GPS, A-GPS, MP3, MP4, Radio, GPRS, Edge, Multitouch, HTML5, NFC, Infrared','2016-03-01'),(11,'ASUS Zen Live','android ',8,'Asus','img/asus_zen_live.png',45000,'2G, 3G, 4G','Lithium-ion 3600 mAh (non-removable)\r\nTalk-time: -\r\nWLAN usage: -','Camera Resolution (Back)	12 Megapixel\r\nCamera Resolution (Front)	5 Megapixel, f/1.7, 22mm, dual video call, auto HDR','Display Size & Resolution	5.5 inches, qHD 1440 x 2560 pixels (534 ppi)\r\nDisplay Type	Super AMOLED Touchscreen, Corning Gorilla Glass 4 protection','Black, White, Gold, Silver','RAM	4 GB\r\nROM	32/64 GB','Octa-core (Quad-core 2.3 GHz + quad-core 1.6 GHz)','Android Marshmallow v6.0','Camera Factors (Back)	f/1.7, 26mm, phase detection autofocus, OIS, LED flash, face detection, auto HDR, panorama','Bluetooth, GPS, A-GPS, MP3, MP4, Radio, GPRS, Edge, Multitouch, HTML5, NFC, Infrared','2016-03-01'),(12,'ASUS Zen Go','android ',8,'Asus','img/asus_zen_go.png',67000,'2G, 3G, 4G','Lithium-ion 3600 mAh (non-removable)\r\nTalk-time: -\r\nWLAN usage: -','Camera Resolution (Back)	12 Megapixel\r\nCamera Resolution (Front)	5 Megapixel, f/1.7, 22mm, dual video call, auto HDR','Display Size & Resolution	5.5 inches, qHD 1440 x 2560 pixels (534 ppi)\r\nDisplay Type	Super AMOLED Touchscreen, Corning Gorilla Glass 4 protection','Black, White, Gold, Silver','RAM	4 GB\r\nROM	32/64 GB','Octa-core (Quad-core 2.3 GHz + quad-core 1.6 GHz)','Android Marshmallow v6.0','Camera Factors (Back)	f/1.7, 26mm, phase detection autofocus, OIS, LED flash, face detection, auto HDR, panorama','Bluetooth, GPS, A-GPS, MP3, MP4, Radio, GPRS, Edge, Multitouch, HTML5, NFC, Infrared','2016-03-01'),(14,'ASUS Zen Max','android ',8,'Asus','img/asus_zenmax.png',12000,'2G, 3G, 4G','Lithium-ion 3600 mAh (non-removable)\r\nTalk-time: -\r\nWLAN usage: -','Camera Resolution (Back)	12 Megapixel\r\nCamera Resolution (Front)	5 Megapixel, f/1.7, 22mm, dual video call, auto HDR','Display Size & Resolution	5.5 inches, qHD 1440 x 2560 pixels (534 ppi)\r\nDisplay Type	Super AMOLED Touchscreen, Corning Gorilla Glass 4 protection','Black, White, Gold, Silver','RAM	4 GB\r\nROM	32/64 GB','Octa-core (Quad-core 2.3 GHz + quad-core 1.6 GHz)','Android Marshmallow v6.0','Camera Factors (Back)	f/1.7, 26mm, phase detection autofocus, OIS, LED flash, face detection, auto HDR, panorama','Bluetooth, GPS, A-GPS, MP3, MP4, Radio, GPRS, Edge, Multitouch, HTML5, NFC, Infrared','2016-03-01'),(15,'ASUS Zen 6','android ',8,'Asus','img/asus_zen6.png',32000,'2G, 3G, 4G','Lithium-ion 3600 mAh (non-removable)\r\nTalk-time: -\r\nWLAN usage: -','Camera Resolution (Back)	12 Megapixel\r\nCamera Resolution (Front)	5 Megapixel, f/1.7, 22mm, dual video call, auto HDR','Display Size & Resolution	5.5 inches, qHD 1440 x 2560 pixels (534 ppi)\r\nDisplay Type	Super AMOLED Touchscreen, Corning Gorilla Glass 4 protection','Black, White, Gold, Silver','RAM	4 GB\r\nROM	32/64 GB','Octa-core (Quad-core 2.3 GHz + quad-core 1.6 GHz)','Android Marshmallow v6.0','Camera Factors (Back)	f/1.7, 26mm, phase detection autofocus, OIS, LED flash, face detection, auto HDR, panorama','Bluetooth, GPS, A-GPS, MP3, MP4, Radio, GPRS, Edge, Multitouch, HTML5, NFC, Infrared','2016-03-01'),(16,'Huawei Ascend P6','android ',2,'Huawei','img/huawei_ascend_p6.png',32000,'2G, 3G, 4G','Lithium-ion 3600 mAh (non-removable)\r\nTalk-time: -\r\nWLAN usage: -','Camera Resolution (Back)	12 Megapixel\r\nCamera Resolution (Front)	5 Megapixel, f/1.7, 22mm, dual video call, auto HDR','Display Size & Resolution	5.5 inches, qHD 1440 x 2560 pixels (534 ppi)\r\nDisplay Type	Super AMOLED Touchscreen, Corning Gorilla Glass 4 protection','Black, White, Gold, Silver','RAM	4 GB\r\nROM	32/64 GB','Octa-core (Quad-core 2.3 GHz + quad-core 1.6 GHz)','Android Marshmallow v6.0','Camera Factors (Back)	f/1.7, 26mm, phase detection autofocus, OIS, LED flash, face detection, auto HDR, panorama','Bluetooth, GPS, A-GPS, MP3, MP4, Radio, GPRS, Edge, Multitouch, HTML5, NFC, Infrared','2016-03-01'),(17,'Huawei P8','android ',2,'Huawei','img/huawei_p8.png',22000,'2G, 3G, 4G','Lithium-ion 3600 mAh (non-removable)\r\nTalk-time: -\r\nWLAN usage: -','Camera Resolution (Back)	12 Megapixel\r\nCamera Resolution (Front)	5 Megapixel, f/1.7, 22mm, dual video call, auto HDR','Display Size & Resolution	5.5 inches, qHD 1440 x 2560 pixels (534 ppi)\r\nDisplay Type	Super AMOLED Touchscreen, Corning Gorilla Glass 4 protection','Black, White, Gold, Silver','RAM	4 GB\r\nROM	32/64 GB','Octa-core (Quad-core 2.3 GHz + quad-core 1.6 GHz)','Android Marshmallow v6.0','Camera Factors (Back)	f/1.7, 26mm, phase detection autofocus, OIS, LED flash, face detection, auto HDR, panorama','Bluetooth, GPS, A-GPS, MP3, MP4, Radio, GPRS, Edge, Multitouch, HTML5, NFC, Infrared','2016-03-01'),(18,'Huawei P10','android ',2,'Huawei','img/huawei_p10.png',22000,'2G, 3G, 4G','Lithium-ion 3600 mAh (non-removable)\r\nTalk-time: -\r\nWLAN usage: -','Camera Resolution (Back)	12 Megapixel\r\nCamera Resolution (Front)	5 Megapixel, f/1.7, 22mm, dual video call, auto HDR','Display Size & Resolution	5.5 inches, qHD 1440 x 2560 pixels (534 ppi)\r\nDisplay Type	Super AMOLED Touchscreen, Corning Gorilla Glass 4 protection','Black, White, Gold, Silver','RAM	4 GB\r\nROM	32/64 GB','Octa-core (Quad-core 2.3 GHz + quad-core 1.6 GHz)','Android Marshmallow v6.0','Camera Factors (Back)	f/1.7, 26mm, phase detection autofocus, OIS, LED flash, face detection, auto HDR, panorama','Bluetooth, GPS, A-GPS, MP3, MP4, Radio, GPRS, Edge, Multitouch, HTML5, NFC, Infrared','2016-03-01'),(19,'Huawei G7','android ',2,'Huawei','img/huawei_g7.png',22000,'2G, 3G, 4G','Lithium-ion 3600 mAh (non-removable)\r\nTalk-time: -\r\nWLAN usage: -','Camera Resolution (Back)	12 Megapixel\r\nCamera Resolution (Front)	5 Megapixel, f/1.7, 22mm, dual video call, auto HDR','Display Size & Resolution	5.5 inches, qHD 1440 x 2560 pixels (534 ppi)\r\nDisplay Type	Super AMOLED Touchscreen, Corning Gorilla Glass 4 protection','Black, White, Gold, Silver','RAM	4 GB\r\nROM	32/64 GB','Octa-core (Quad-core 2.3 GHz + quad-core 1.6 GHz)','Android Marshmallow v6.0','Camera Factors (Back)	f/1.7, 26mm, phase detection autofocus, OIS, LED flash, face detection, auto HDR, panorama','Bluetooth, GPS, A-GPS, MP3, MP4, Radio, GPRS, Edge, Multitouch, HTML5, NFC, Infrared','2016-03-01'),(20,'Huawei G8','android ',2,'Huawei','img/huawei_g8.png',22000,'2G, 3G, 4G','Lithium-ion 3600 mAh (non-removable)\r\nTalk-time: -\r\nWLAN usage: -','Camera Resolution (Back)	12 Megapixel\r\nCamera Resolution (Front)	5 Megapixel, f/1.7, 22mm, dual video call, auto HDR','Display Size & Resolution	5.5 inches, qHD 1440 x 2560 pixels (534 ppi)\r\nDisplay Type	Super AMOLED Touchscreen, Corning Gorilla Glass 4 protection','Black, White, Gold, Silver','RAM	4 GB\r\nROM	32/64 GB','Octa-core (Quad-core 2.3 GHz + quad-core 1.6 GHz)','Android Marshmallow v6.0','Camera Factors (Back)	f/1.7, 26mm, phase detection autofocus, OIS, LED flash, face detection, auto HDR, panorama','Bluetooth, GPS, A-GPS, MP3, MP4, Radio, GPRS, Edge, Multitouch, HTML5, NFC, Infrared','2016-03-01'),(21,'Huawei Mate 9','android ',2,'Huawei','img/huawei_mate_9.png',30000,'2G, 3G, 4G','Lithium-ion 3600 mAh (non-removable)\r\nTalk-time: -\r\nWLAN usage: -','Camera Resolution (Back)	12 Megapixel\r\nCamera Resolution (Front)	5 Megapixel, f/1.7, 22mm, dual video call, auto HDR','Display Size & Resolution	5.5 inches, qHD 1440 x 2560 pixels (534 ppi)\r\nDisplay Type	Super AMOLED Touchscreen, Corning Gorilla Glass 4 protection','Black, White, Gold, Silver','RAM	4 GB\r\nROM	32/64 GB','Octa-core (Quad-core 2.3 GHz + quad-core 1.6 GHz)','Android Marshmallow v6.0','Camera Factors (Back)	f/1.7, 26mm, phase detection autofocus, OIS, LED flash, face detection, auto HDR, panorama','Bluetooth, GPS, A-GPS, MP3, MP4, Radio, GPRS, Edge, Multitouch, HTML5, NFC, Infrared','2016-03-01'),(22,'Sony Xperia Z1','android ',3,'Sony','img/sony_xperia_z2.png',20000,'2G, 3G, 4G','Lithium-ion 3600 mAh (non-removable)\r\nTalk-time: -\r\nWLAN usage: -','Camera Resolution (Back)	12 Megapixel\r\nCamera Resolution (Front)	5 Megapixel, f/1.7, 22mm, dual video call, auto HDR','Display Size & Resolution	5.5 inches, qHD 1440 x 2560 pixels (534 ppi)\r\nDisplay Type	Super AMOLED Touchscreen, Corning Gorilla Glass 4 protection','Black, White, Gold, Silver','RAM	4 GB\r\nROM	32/64 GB','Octa-core (Quad-core 2.3 GHz + quad-core 1.6 GHz)','Android Marshmallow v6.0','Camera Factors (Back)	f/1.7, 26mm, phase detection autofocus, OIS, LED flash, face detection, auto HDR, panorama','Bluetooth, GPS, A-GPS, MP3, MP4, Radio, GPRS, Edge, Multitouch, HTML5, NFC, Infrared','2016-03-01'),(23,'Sony Xperia S','android ',3,'Sony','img/sony_xperia_s.png',30000,'2G, 3G, 4G','Lithium-ion 3600 mAh (non-removable)\r\nTalk-time: -\r\nWLAN usage: -','Camera Resolution (Back)	12 Megapixel\r\nCamera Resolution (Front)	5 Megapixel, f/1.7, 22mm, dual video call, auto HDR','Display Size & Resolution	5.5 inches, qHD 1440 x 2560 pixels (534 ppi)\r\nDisplay Type	Super AMOLED Touchscreen, Corning Gorilla Glass 4 protection','Black, White, Gold, Silver','RAM	4 GB\r\nROM	32/64 GB','Octa-core (Quad-core 2.3 GHz + quad-core 1.6 GHz)','Android Marshmallow v6.0','Camera Factors (Back)	f/1.7, 26mm, phase detection autofocus, OIS, LED flash, face detection, auto HDR, panorama','Bluetooth, GPS, A-GPS, MP3, MP4, Radio, GPRS, Edge, Multitouch, HTML5, NFC, Infrared','2016-03-01'),(24,'Sony Xperia L1','android ',3,'Sony','img/sony_xperia_l1.png',35000,'2G, 3G, 4G','Lithium-ion 3600 mAh (non-removable)\r\nTalk-time: -\r\nWLAN usage: -','Camera Resolution (Back)	12 Megapixel\r\nCamera Resolution (Front)	5 Megapixel, f/1.7, 22mm, dual video call, auto HDR','Display Size & Resolution	5.5 inches, qHD 1440 x 2560 pixels (534 ppi)\r\nDisplay Type	Super AMOLED Touchscreen, Corning Gorilla Glass 4 protection','Black, White, Gold, Silver','RAM	4 GB\r\nROM	32/64 GB','Octa-core (Quad-core 2.3 GHz + quad-core 1.6 GHz)','Android Marshmallow v6.0','Camera Factors (Back)	f/1.7, 26mm, phase detection autofocus, OIS, LED flash, face detection, auto HDR, panorama','Bluetooth, GPS, A-GPS, MP3, MP4, Radio, GPRS, Edge, Multitouch, HTML5, NFC, Infrared','2016-03-01'),(25,'Sony Xperia X','android ',3,'Sony','img/sony_xperia_x.png',15000,'2G, 3G, 4G','Lithium-ion 3600 mAh (non-removable)\r\nTalk-time: -\r\nWLAN usage: -','Camera Resolution (Back)	12 Megapixel\r\nCamera Resolution (Front)	5 Megapixel, f/1.7, 22mm, dual video call, auto HDR','Display Size & Resolution	5.5 inches, qHD 1440 x 2560 pixels (534 ppi)\r\nDisplay Type	Super AMOLED Touchscreen, Corning Gorilla Glass 4 protection','Black, White, Gold, Silver','RAM	4 GB\r\nROM	32/64 GB','Octa-core (Quad-core 2.3 GHz + quad-core 1.6 GHz)','Android Marshmallow v6.0','Camera Factors (Back)	f/1.7, 26mm, phase detection autofocus, OIS, LED flash, face detection, auto HDR, panorama','Bluetooth, GPS, A-GPS, MP3, MP4, Radio, GPRS, Edge, Multitouch, HTML5, NFC, Infrared','2016-03-01'),(26,'Sony Xperia Z2','android ',3,'Sony','img/sony_xperia_z2.png',45000,'2G, 3G, 4G','Lithium-ion 3600 mAh (non-removable)\r\nTalk-time: -\r\nWLAN usage: -','Camera Resolution (Back)	12 Megapixel\r\nCamera Resolution (Front)	5 Megapixel, f/1.7, 22mm, dual video call, auto HDR','Display Size & Resolution	5.5 inches, qHD 1440 x 2560 pixels (534 ppi)\r\nDisplay Type	Super AMOLED Touchscreen, Corning Gorilla Glass 4 protection','Black, White, Gold, Silver','RAM	4 GB\r\nROM	32/64 GB','Octa-core (Quad-core 2.3 GHz + quad-core 1.6 GHz)','Android Marshmallow v6.0','Camera Factors (Back)	f/1.7, 26mm, phase detection autofocus, OIS, LED flash, face detection, auto HDR, panorama','Bluetooth, GPS, A-GPS, MP3, MP4, Radio, GPRS, Edge, Multitouch, HTML5, NFC, Infrared','2016-03-01'),(27,'Sony Xperia XA','android ',3,'Sony','img/sony_xpreia_xa.png',45000,'2G, 3G, 4G','Lithium-ion 3600 mAh (non-removable)\r\nTalk-time: -\r\nWLAN usage: -','Camera Resolution (Back)	12 Megapixel\r\nCamera Resolution (Front)	5 Megapixel, f/1.7, 22mm, dual video call, auto HDR','Display Size & Resolution	5.5 inches, qHD 1440 x 2560 pixels (534 ppi)\r\nDisplay Type	Super AMOLED Touchscreen, Corning Gorilla Glass 4 protection','Black, White, Gold, Silver','RAM	4 GB\r\nROM	32/64 GB','Octa-core (Quad-core 2.3 GHz + quad-core 1.6 GHz)','Android Marshmallow v6.0','Camera Factors (Back)	f/1.7, 26mm, phase detection autofocus, OIS, LED flash, face detection, auto HDR, panorama','Bluetooth, GPS, A-GPS, MP3, MP4, Radio, GPRS, Edge, Multitouch, HTML5, NFC, Infrared','2016-03-01'),(30,'Sony Xperia Z3','android ',3,'Sony','img/sony_xperia_z3.png',25000,'2G, 3G, 4G','Lithium-ion 3600 mAh (non-removable)\r\nTalk-time: -\r\nWLAN usage: -','Camera Resolution (Back)	12 Megapixel\r\nCamera Resolution (Front)	5 Megapixel, f/1.7, 22mm, dual video call, auto HDR','Display Size & Resolution	5.5 inches, qHD 1440 x 2560 pixels (534 ppi)\r\nDisplay Type	Super AMOLED Touchscreen, Corning Gorilla Glass 4 protection','Black, White, Gold, Silver','RAM	4 GB\r\nROM	32/64 GB','Octa-core (Quad-core 2.3 GHz + quad-core 1.6 GHz)','Android Marshmallow v6.0','Camera Factors (Back)	f/1.7, 26mm, phase detection autofocus, OIS, LED flash, face detection, auto HDR, panorama','Bluetooth, GPS, A-GPS, MP3, MP4, Radio, GPRS, Edge, Multitouch, HTML5, NFC, Infrared','2016-03-01'),(31,'Nokia Asha 503','windows',13,'Nokia','img/nokia_asha_503.png',15000,'2G, 3G, 4G','Lithium-ion 3600 mAh (non-removable)\r\nTalk-time: -\r\nWLAN usage: -','Camera Resolution (Back)	12 Megapixel\r\nCamera Resolution (Front)	5 Megapixel, f/1.7, 22mm, dual video call, auto HDR','Display Size & Resolution	5.5 inches, qHD 1440 x 2560 pixels (534 ppi)\r\nDisplay Type	Super AMOLED Touchscreen, Corning Gorilla Glass 4 protection','Black, White, Gold, Silver','RAM	4 GB\r\nROM	32/64 GB','Octa-core (Quad-core 2.3 GHz + quad-core 1.6 GHz)','Android Marshmallow v6.0','Camera Factors (Back)	f/1.7, 26mm, phase detection autofocus, OIS, LED flash, face detection, auto HDR, panorama','Bluetooth, GPS, A-GPS, MP3, MP4, Radio, GPRS, Edge, Multitouch, HTML5, NFC, Infrared','2016-03-01'),(32,'Nokia Lumia 520','windows',13,'Nokia','img/nokia_lumia_520.png',15000,'2G, 3G, 4G','Lithium-ion 3600 mAh (non-removable)\r\nTalk-time: -\r\nWLAN usage: -','Camera Resolution (Back)	12 Megapixel\r\nCamera Resolution (Front)	5 Megapixel, f/1.7, 22mm, dual video call, auto HDR','Display Size & Resolution	5.5 inches, qHD 1440 x 2560 pixels (534 ppi)\r\nDisplay Type	Super AMOLED Touchscreen, Corning Gorilla Glass 4 protection','Black, White, Gold, Silver','RAM	4 GB\r\nROM	32/64 GB','Octa-core (Quad-core 2.3 GHz + quad-core 1.6 GHz)','Android Marshmallow v6.0','Camera Factors (Back)	f/1.7, 26mm, phase detection autofocus, OIS, LED flash, face detection, auto HDR, panorama','Bluetooth, GPS, A-GPS, MP3, MP4, Radio, GPRS, Edge, Multitouch, HTML5, NFC, Infrared','2016-03-01'),(33,'Nokia Lumia 625','windows',13,'Nokia','img/nokia_lumia_625.png',10000,'2G, 3G, 4G','Lithium-ion 3600 mAh (non-removable)\r\nTalk-time: -\r\nWLAN usage: -','Camera Resolution (Back)	12 Megapixel\r\nCamera Resolution (Front)	5 Megapixel, f/1.7, 22mm, dual video call, auto HDR','Display Size & Resolution	5.5 inches, qHD 1440 x 2560 pixels (534 ppi)\r\nDisplay Type	Super AMOLED Touchscreen, Corning Gorilla Glass 4 protection','Black, White, Gold, Silver','RAM	4 GB\r\nROM	32/64 GB','Octa-core (Quad-core 2.3 GHz + quad-core 1.6 GHz)','Android Marshmallow v6.0','Camera Factors (Back)	f/1.7, 26mm, phase detection autofocus, OIS, LED flash, face detection, auto HDR, panorama','Bluetooth, GPS, A-GPS, MP3, MP4, Radio, GPRS, Edge, Multitouch, HTML5, NFC, Infrared','2016-03-01'),(34,'Nokia Lumia 1520','windows',13,'Nokia','img/nokia_lumia_1520.png',10000,'2G, 3G, 4G','Lithium-ion 3600 mAh (non-removable)\r\nTalk-time: -\r\nWLAN usage: -','Camera Resolution (Back)	12 Megapixel\r\nCamera Resolution (Front)	5 Megapixel, f/1.7, 22mm, dual video call, auto HDR','Display Size & Resolution	5.5 inches, qHD 1440 x 2560 pixels (534 ppi)\r\nDisplay Type	Super AMOLED Touchscreen, Corning Gorilla Glass 4 protection','Black, White, Gold, Silver','RAM	4 GB\r\nROM	32/64 GB','Octa-core (Quad-core 2.3 GHz + quad-core 1.6 GHz)','Android Marshmallow v6.0','Camera Factors (Back)	f/1.7, 26mm, phase detection autofocus, OIS, LED flash, face detection, auto HDR, panorama','Bluetooth, GPS, A-GPS, MP3, MP4, Radio, GPRS, Edge, Multitouch, HTML5, NFC, Infrared','2016-03-01'),(35,'Nokia Lumia 830','windows',13,'Nokia','img/nokia_lumia_830.png',40000,'2G, 3G, 4G','Lithium-ion 3600 mAh (non-removable)\r\nTalk-time: -\r\nWLAN usage: -','Camera Resolution (Back)	12 Megapixel\r\nCamera Resolution (Front)	5 Megapixel, f/1.7, 22mm, dual video call, auto HDR','Display Size & Resolution	5.5 inches, qHD 1440 x 2560 pixels (534 ppi)\r\nDisplay Type	Super AMOLED Touchscreen, Corning Gorilla Glass 4 protection','Black, White, Gold, Silver','RAM	4 GB\r\nROM	32/64 GB','Octa-core (Quad-core 2.3 GHz + quad-core 1.6 GHz)','Android Marshmallow v6.0','Camera Factors (Back)	f/1.7, 26mm, phase detection autofocus, OIS, LED flash, face detection, auto HDR, panorama','Bluetooth, GPS, A-GPS, MP3, MP4, Radio, GPRS, Edge, Multitouch, HTML5, NFC, Infrared','2016-03-01'),(36,'Nokia Lumia 635','windows',13,'Nokia','img/nokia_lumia_635.png',30000,'2G, 3G, 4G','Lithium-ion 3600 mAh (non-removable)\r\nTalk-time: -\r\nWLAN usage: -','Camera Resolution (Back)	12 Megapixel\r\nCamera Resolution (Front)	5 Megapixel, f/1.7, 22mm, dual video call, auto HDR','Display Size & Resolution	5.5 inches, qHD 1440 x 2560 pixels (534 ppi)\r\nDisplay Type	Super AMOLED Touchscreen, Corning Gorilla Glass 4 protection','Black, White, Gold, Silver','RAM	4 GB\r\nROM	32/64 GB','Octa-core (Quad-core 2.3 GHz + quad-core 1.6 GHz)','Android Marshmallow v6.0','Camera Factors (Back)	f/1.7, 26mm, phase detection autofocus, OIS, LED flash, face detection, auto HDR, panorama','Bluetooth, GPS, A-GPS, MP3, MP4, Radio, GPRS, Edge, Multitouch, HTML5, NFC, Infrared','2016-03-01'),(37,'Symphony H 175','android ',5,'Symphony','img/sym_h175.png',20000,'2G, 3G, 4G','Lithium-ion 3600 mAh (non-removable)\r\nTalk-time: -\r\nWLAN usage: -','Camera Resolution (Back)	12 Megapixel\r\nCamera Resolution (Front)	5 Megapixel, f/1.7, 22mm, dual video call, auto HDR','Display Size & Resolution	5.5 inches, qHD 1440 x 2560 pixels (534 ppi)\r\nDisplay Type	Super AMOLED Touchscreen, Corning Gorilla Glass 4 protection','Black, White, Gold, Silver','RAM	4 GB\r\nROM	32/64 GB','Octa-core (Quad-core 2.3 GHz + quad-core 1.6 GHz)','Android Marshmallow v6.0','Camera Factors (Back)	f/1.7, 26mm, phase detection autofocus, OIS, LED flash, face detection, auto HDR, panorama','Bluetooth, GPS, A-GPS, MP3, MP4, Radio, GPRS, Edge, Multitouch, HTML5, NFC, Infrared','2016-03-01'),(38,'Symphony E 75','android ',5,'Symphony','img/sym_e76.png',21000,'2G, 3G, 4G','Lithium-ion 3600 mAh (non-removable)\r\nTalk-time: -\r\nWLAN usage: -','Camera Resolution (Back)	12 Megapixel\r\nCamera Resolution (Front)	5 Megapixel, f/1.7, 22mm, dual video call, auto HDR','Display Size & Resolution	5.5 inches, qHD 1440 x 2560 pixels (534 ppi)\r\nDisplay Type	Super AMOLED Touchscreen, Corning Gorilla Glass 4 protection','Black, White, Gold, Silver','RAM	4 GB\r\nROM	32/64 GB','Octa-core (Quad-core 2.3 GHz + quad-core 1.6 GHz)','Android Marshmallow v6.0','Camera Factors (Back)	f/1.7, 26mm, phase detection autofocus, OIS, LED flash, face detection, auto HDR, panorama','Bluetooth, GPS, A-GPS, MP3, MP4, Radio, GPRS, Edge, Multitouch, HTML5, NFC, Infrared','2016-03-01'),(39,'Symphony i10','android ',5,'Symphony','img/sym_i10.png',31000,'2G, 3G, 4G','Lithium-ion 3600 mAh (non-removable)\r\nTalk-time: -\r\nWLAN usage: -','Camera Resolution (Back)	12 Megapixel\r\nCamera Resolution (Front)	5 Megapixel, f/1.7, 22mm, dual video call, auto HDR','Display Size & Resolution	5.5 inches, qHD 1440 x 2560 pixels (534 ppi)\r\nDisplay Type	Super AMOLED Touchscreen, Corning Gorilla Glass 4 protection','Black, White, Gold, Silver','RAM	4 GB\r\nROM	32/64 GB','Octa-core (Quad-core 2.3 GHz + quad-core 1.6 GHz)','Android Marshmallow v6.0','Camera Factors (Back)	f/1.7, 26mm, phase detection autofocus, OIS, LED flash, face detection, auto HDR, panorama','Bluetooth, GPS, A-GPS, MP3, MP4, Radio, GPRS, Edge, Multitouch, HTML5, NFC, Infrared','2016-03-01'),(40,'Symphony i25','android ',5,'Symphony','img/sym_i25.png',25000,'2G, 3G, 4G','Lithium-ion 3600 mAh (non-removable)\r\nTalk-time: -\r\nWLAN usage: -','Camera Resolution (Back)	12 Megapixel\r\nCamera Resolution (Front)	5 Megapixel, f/1.7, 22mm, dual video call, auto HDR','Display Size & Resolution	5.5 inches, qHD 1440 x 2560 pixels (534 ppi)\r\nDisplay Type	Super AMOLED Touchscreen, Corning Gorilla Glass 4 protection','Black, White, Gold, Silver','RAM	4 GB\r\nROM	32/64 GB','Octa-core (Quad-core 2.3 GHz + quad-core 1.6 GHz)','Android Marshmallow v6.0','Camera Factors (Back)	f/1.7, 26mm, phase detection autofocus, OIS, LED flash, face detection, auto HDR, panorama','Bluetooth, GPS, A-GPS, MP3, MP4, Radio, GPRS, Edge, Multitouch, HTML5, NFC, Infrared','2016-03-01'),(41,'Symphony V 34','android ',5,'Symphony','img/sym_v34.png',15000,'2G, 3G, 4G','Lithium-ion 3600 mAh (non-removable)\r\nTalk-time: -\r\nWLAN usage: -','Camera Resolution (Back)	12 Megapixel\r\nCamera Resolution (Front)	5 Megapixel, f/1.7, 22mm, dual video call, auto HDR','Display Size & Resolution	5.5 inches, qHD 1440 x 2560 pixels (534 ppi)\r\nDisplay Type	Super AMOLED Touchscreen, Corning Gorilla Glass 4 protection','Black, White, Gold, Silver','RAM	4 GB\r\nROM	32/64 GB','Octa-core (Quad-core 2.3 GHz + quad-core 1.6 GHz)','Android Marshmallow v6.0','Camera Factors (Back)	f/1.7, 26mm, phase detection autofocus, OIS, LED flash, face detection, auto HDR, panorama','Bluetooth, GPS, A-GPS, MP3, MP4, Radio, GPRS, Edge, Multitouch, HTML5, NFC, Infrared','2016-03-01'),(42,'Symphony V 85','android ',5,'Symphony','img/sym_v85.png',23000,'2G, 3G, 4G','Lithium-ion 3600 mAh (non-removable)\r\nTalk-time: -\r\nWLAN usage: -','Camera Resolution (Back)	12 Megapixel\r\nCamera Resolution (Front)	5 Megapixel, f/1.7, 22mm, dual video call, auto HDR','Display Size & Resolution	5.5 inches, qHD 1440 x 2560 pixels (534 ppi)\r\nDisplay Type	Super AMOLED Touchscreen, Corning Gorilla Glass 4 protection','Black, White, Gold, Silver','RAM	4 GB\r\nROM	32/64 GB','Octa-core (Quad-core 2.3 GHz + quad-core 1.6 GHz)','Android Marshmallow v6.0','Camera Factors (Back)	f/1.7, 26mm, phase detection autofocus, OIS, LED flash, face detection, auto HDR, panorama','Bluetooth, GPS, A-GPS, MP3, MP4, Radio, GPRS, Edge, Multitouch, HTML5, NFC, Infrared','2016-03-01'),(43,'Symphony XP Z1','android ',5,'Symphony','img/sym_xp_z1.png',28000,'2G, 3G, 4G','Lithium-ion 3600 mAh (non-removable)\r\nTalk-time: -\r\nWLAN usage: -','Camera Resolution (Back)	12 Megapixel\r\nCamera Resolution (Front)	5 Megapixel, f/1.7, 22mm, dual video call, auto HDR','Display Size & Resolution	5.5 inches, qHD 1440 x 2560 pixels (534 ppi)\r\nDisplay Type	Super AMOLED Touchscreen, Corning Gorilla Glass 4 protection','Black, White, Gold, Silver','RAM	4 GB\r\nROM	32/64 GB','Octa-core (Quad-core 2.3 GHz + quad-core 1.6 GHz)','Android Marshmallow v6.0','Camera Factors (Back)	f/1.7, 26mm, phase detection autofocus, OIS, LED flash, face detection, auto HDR, panorama','Bluetooth, GPS, A-GPS, MP3, MP4, Radio, GPRS, Edge, Multitouch, HTML5, NFC, Infrared','2016-03-01'),(44,'HTC 1 M8','android ',12,'Htc','img/htc_1m8.png',28000,'2G, 3G, 4G','Lithium-ion 3600 mAh (non-removable)\r\nTalk-time: -\r\nWLAN usage: -','Camera Resolution (Back)	12 Megapixel\r\nCamera Resolution (Front)	5 Megapixel, f/1.7, 22mm, dual video call, auto HDR','Display Size & Resolution	5.5 inches, qHD 1440 x 2560 pixels (534 ppi)\r\nDisplay Type	Super AMOLED Touchscreen, Corning Gorilla Glass 4 protection','Black, White, Gold, Silver','RAM	4 GB\r\nROM	32/64 GB','Octa-core (Quad-core 2.3 GHz + quad-core 1.6 GHz)','Android Marshmallow v6.0','Camera Factors (Back)	f/1.7, 26mm, phase detection autofocus, OIS, LED flash, face detection, auto HDR, panorama','Bluetooth, GPS, A-GPS, MP3, MP4, Radio, GPRS, Edge, Multitouch, HTML5, NFC, Infrared','2016-03-01'),(45,'HTC 1 M9','android ',12,'Htc','img/htc_1m9.png',38000,'2G, 3G, 4G','Lithium-ion 3600 mAh (non-removable)\r\nTalk-time: -\r\nWLAN usage: -','Camera Resolution (Back)	12 Megapixel\r\nCamera Resolution (Front)	5 Megapixel, f/1.7, 22mm, dual video call, auto HDR','Display Size & Resolution	5.5 inches, qHD 1440 x 2560 pixels (534 ppi)\r\nDisplay Type	Super AMOLED Touchscreen, Corning Gorilla Glass 4 protection','Black, White, Gold, Silver','RAM	4 GB\r\nROM	32/64 GB','Octa-core (Quad-core 2.3 GHz + quad-core 1.6 GHz)','Android Marshmallow v6.0','Camera Factors (Back)	f/1.7, 26mm, phase detection autofocus, OIS, LED flash, face detection, auto HDR, panorama','Bluetooth, GPS, A-GPS, MP3, MP4, Radio, GPRS, Edge, Multitouch, HTML5, NFC, Infrared','2016-03-01'),(46,'HTC One X','android ',12,'Htc','img/htc_1x.png',30000,'2G, 3G, 4G','Lithium-ion 3600 mAh (non-removable)\r\nTalk-time: -\r\nWLAN usage: -','Camera Resolution (Back)	12 Megapixel\r\nCamera Resolution (Front)	5 Megapixel, f/1.7, 22mm, dual video call, auto HDR','Display Size & Resolution	5.5 inches, qHD 1440 x 2560 pixels (534 ppi)\r\nDisplay Type	Super AMOLED Touchscreen, Corning Gorilla Glass 4 protection','Black, White, Gold, Silver','RAM	4 GB\r\nROM	32/64 GB','Octa-core (Quad-core 2.3 GHz + quad-core 1.6 GHz)','Android Marshmallow v6.0','Camera Factors (Back)	f/1.7, 26mm, phase detection autofocus, OIS, LED flash, face detection, auto HDR, panorama','Bluetooth, GPS, A-GPS, MP3, MP4, Radio, GPRS, Edge, Multitouch, HTML5, NFC, Infrared','2016-03-01'),(47,'HTC Desire 610','android ',12,'Htc','img/htc_desire_610.png',24000,'2G, 3G, 4G','Lithium-ion 3600 mAh (non-removable)\r\nTalk-time: -\r\nWLAN usage: -','Camera Resolution (Back)	12 Megapixel\r\nCamera Resolution (Front)	5 Megapixel, f/1.7, 22mm, dual video call, auto HDR','Display Size & Resolution	5.5 inches, qHD 1440 x 2560 pixels (534 ppi)\r\nDisplay Type	Super AMOLED Touchscreen, Corning Gorilla Glass 4 protection','Black, White, Gold, Silver','RAM	4 GB\r\nROM	32/64 GB','Octa-core (Quad-core 2.3 GHz + quad-core 1.6 GHz)','Android Marshmallow v6.0','Camera Factors (Back)	f/1.7, 26mm, phase detection autofocus, OIS, LED flash, face detection, auto HDR, panorama','Bluetooth, GPS, A-GPS, MP3, MP4, Radio, GPRS, Edge, Multitouch, HTML5, NFC, Infrared','2016-03-01'),(48,'HTC One E8','android ',12,'Htc','img/htc_1e8.png',34000,'2G, 3G, 4G','Lithium-ion 3600 mAh (non-removable)\r\nTalk-time: -\r\nWLAN usage: -','Camera Resolution (Back)	12 Megapixel\r\nCamera Resolution (Front)	5 Megapixel, f/1.7, 22mm, dual video call, auto HDR','Display Size & Resolution	5.5 inches, qHD 1440 x 2560 pixels (534 ppi)\r\nDisplay Type	Super AMOLED Touchscreen, Corning Gorilla Glass 4 protection','Black, White, Gold, Silver','RAM	4 GB\r\nROM	32/64 GB','Octa-core (Quad-core 2.3 GHz + quad-core 1.6 GHz)','Android Marshmallow v6.0','Camera Factors (Back)	f/1.7, 26mm, phase detection autofocus, OIS, LED flash, face detection, auto HDR, panorama','Bluetooth, GPS, A-GPS, MP3, MP4, Radio, GPRS, Edge, Multitouch, HTML5, NFC, Infrared','2016-03-01'),(49,'HTC Desire 510','android ',12,'Htc','img/htc_desire_510.png',22000,'2G, 3G, 4G','Lithium-ion 3600 mAh (non-removable)\r\nTalk-time: -\r\nWLAN usage: -','Camera Resolution (Back)	12 Megapixel\r\nCamera Resolution (Front)	5 Megapixel, f/1.7, 22mm, dual video call, auto HDR','Display Size & Resolution	5.5 inches, qHD 1440 x 2560 pixels (534 ppi)\r\nDisplay Type	Super AMOLED Touchscreen, Corning Gorilla Glass 4 protection','Black, White, Gold, Silver','RAM	4 GB\r\nROM	32/64 GB','Octa-core (Quad-core 2.3 GHz + quad-core 1.6 GHz)','Android Marshmallow v6.0','Camera Factors (Back)	f/1.7, 26mm, phase detection autofocus, OIS, LED flash, face detection, auto HDR, panorama','Bluetooth, GPS, A-GPS, MP3, MP4, Radio, GPRS, Edge, Multitouch, HTML5, NFC, Infrared','2016-03-01'),(50,'Walton Primo X2','android ',7,'Walton','img/walton_primo_x2.png',12000,'2G, 3G, 4G','Lithium-ion 3600 mAh (non-removable)\r\nTalk-time: -\r\nWLAN usage: -','Camera Resolution (Back)	12 Megapixel\r\nCamera Resolution (Front)	5 Megapixel, f/1.7, 22mm, dual video call, auto HDR','Display Size & Resolution	5.5 inches, qHD 1440 x 2560 pixels (534 ppi)\r\nDisplay Type	Super AMOLED Touchscreen, Corning Gorilla Glass 4 protection','Black, White, Gold, Silver','RAM	4 GB\r\nROM	32/64 GB','Octa-core (Quad-core 2.3 GHz + quad-core 1.6 GHz)','Android Marshmallow v6.0','Camera Factors (Back)	f/1.7, 26mm, phase detection autofocus, OIS, LED flash, face detection, auto HDR, panorama','Bluetooth, GPS, A-GPS, MP3, MP4, Radio, GPRS, Edge, Multitouch, HTML5, NFC, Infrared','2016-03-01'),(51,'Walton Prime GF3','android ',7,'Walton','img/walton_prime_gf3.png',42000,'2G, 3G, 4G','Lithium-ion 3600 mAh (non-removable)\r\nTalk-time: -\r\nWLAN usage: -','Camera Resolution (Back)	12 Megapixel\r\nCamera Resolution (Front)	5 Megapixel, f/1.7, 22mm, dual video call, auto HDR','Display Size & Resolution	5.5 inches, qHD 1440 x 2560 pixels (534 ppi)\r\nDisplay Type	Super AMOLED Touchscreen, Corning Gorilla Glass 4 protection','Black, White, Gold, Silver','RAM	4 GB\r\nROM	32/64 GB','Octa-core (Quad-core 2.3 GHz + quad-core 1.6 GHz)','Android Marshmallow v6.0','Camera Factors (Back)	f/1.7, 26mm, phase detection autofocus, OIS, LED flash, face detection, auto HDR, panorama','Bluetooth, GPS, A-GPS, MP3, MP4, Radio, GPRS, Edge, Multitouch, HTML5, NFC, Infrared','2016-03-01'),(52,'Walton Prime EF3','android ',7,'Walton','img/walton_primo_ef2.png',62000,'2G, 3G, 4G','Lithium-ion 3600 mAh (non-removable)\r\nTalk-time: -\r\nWLAN usage: -','Camera Resolution (Back)	12 Megapixel\r\nCamera Resolution (Front)	5 Megapixel, f/1.7, 22mm, dual video call, auto HDR','Display Size & Resolution	5.5 inches, qHD 1440 x 2560 pixels (534 ppi)\r\nDisplay Type	Super AMOLED Touchscreen, Corning Gorilla Glass 4 protection','Black, White, Gold, Silver','RAM	4 GB\r\nROM	32/64 GB','Octa-core (Quad-core 2.3 GHz + quad-core 1.6 GHz)','Android Marshmallow v6.0','Camera Factors (Back)	f/1.7, 26mm, phase detection autofocus, OIS, LED flash, face detection, auto HDR, panorama','Bluetooth, GPS, A-GPS, MP3, MP4, Radio, GPRS, Edge, Multitouch, HTML5, NFC, Infrared','2016-03-01'),(53,'Walton Prime F6','android ',7,'Walton','img/walton_primo_f6.png',32000,'2G, 3G, 4G','Lithium-ion 3600 mAh (non-removable)\r\nTalk-time: -\r\nWLAN usage: -','Camera Resolution (Back)	12 Megapixel\r\nCamera Resolution (Front)	5 Megapixel, f/1.7, 22mm, dual video call, auto HDR','Display Size & Resolution	5.5 inches, qHD 1440 x 2560 pixels (534 ppi)\r\nDisplay Type	Super AMOLED Touchscreen, Corning Gorilla Glass 4 protection','Black, White, Gold, Silver','RAM	4 GB\r\nROM	32/64 GB','Octa-core (Quad-core 2.3 GHz + quad-core 1.6 GHz)','Android Marshmallow v6.0','Camera Factors (Back)	f/1.7, 26mm, phase detection autofocus, OIS, LED flash, face detection, auto HDR, panorama','Bluetooth, GPS, A-GPS, MP3, MP4, Radio, GPRS, Edge, Multitouch, HTML5, NFC, Infrared','2016-03-01'),(54,'Walton Prime G5','android ',7,'Walton','img/walton_primo_g5.png',22000,'2G, 3G, 4G','Lithium-ion 3600 mAh (non-removable)\r\nTalk-time: -\r\nWLAN usage: -','Camera Resolution (Back)	12 Megapixel\r\nCamera Resolution (Front)	5 Megapixel, f/1.7, 22mm, dual video call, auto HDR','Display Size & Resolution	5.5 inches, qHD 1440 x 2560 pixels (534 ppi)\r\nDisplay Type	Super AMOLED Touchscreen, Corning Gorilla Glass 4 protection','Black, White, Gold, Silver','RAM	4 GB\r\nROM	32/64 GB','Octa-core (Quad-core 2.3 GHz + quad-core 1.6 GHz)','Android Marshmallow v6.0','Camera Factors (Back)	f/1.7, 26mm, phase detection autofocus, OIS, LED flash, face detection, auto HDR, panorama','Bluetooth, GPS, A-GPS, MP3, MP4, Radio, GPRS, Edge, Multitouch, HTML5, NFC, Infrared','2016-03-01'),(55,'Xiaomi 4A','android ',9,'Xiaomi','img/xiaomi_4a.png',52000,'2G, 3G, 4G','Lithium-ion 3600 mAh (non-removable)\r\nTalk-time: -\r\nWLAN usage: -','Camera Resolution (Back)	12 Megapixel\r\nCamera Resolution (Front)	5 Megapixel, f/1.7, 22mm, dual video call, auto HDR','Display Size & Resolution	5.5 inches, qHD 1440 x 2560 pixels (534 ppi)\r\nDisplay Type	Super AMOLED Touchscreen, Corning Gorilla Glass 4 protection','Black, White, Gold, Silver','RAM	4 GB\r\nROM	32/64 GB','Octa-core (Quad-core 2.3 GHz + quad-core 1.6 GHz)','Android Marshmallow v6.0','Camera Factors (Back)	f/1.7, 26mm, phase detection autofocus, OIS, LED flash, face detection, auto HDR, panorama','Bluetooth, GPS, A-GPS, MP3, MP4, Radio, GPRS, Edge, Multitouch, HTML5, NFC, Infrared','2016-03-01'),(56,'Xiaomi MI 2','android ',9,'Xiaomi','img/xiaomi_mi2.png',72000,'2G, 3G, 4G','Lithium-ion 3600 mAh (non-removable)\r\nTalk-time: -\r\nWLAN usage: -','Camera Resolution (Back)	12 Megapixel\r\nCamera Resolution (Front)	5 Megapixel, f/1.7, 22mm, dual video call, auto HDR','Display Size & Resolution	5.5 inches, qHD 1440 x 2560 pixels (534 ppi)\r\nDisplay Type	Super AMOLED Touchscreen, Corning Gorilla Glass 4 protection','Black, White, Gold, Silver','RAM	4 GB\r\nROM	32/64 GB','Octa-core (Quad-core 2.3 GHz + quad-core 1.6 GHz)','Android Marshmallow v6.0','Camera Factors (Back)	f/1.7, 26mm, phase detection autofocus, OIS, LED flash, face detection, auto HDR, panorama','Bluetooth, GPS, A-GPS, MP3, MP4, Radio, GPRS, Edge, Multitouch, HTML5, NFC, Infrared','2016-03-01'),(57,'Xiaomi MI 4','android ',9,'Xiaomi','img/xiaomi_mi4.png',32000,'2G, 3G, 4G','Lithium-ion 3600 mAh (non-removable)\r\nTalk-time: -\r\nWLAN usage: -','Camera Resolution (Back)	12 Megapixel\r\nCamera Resolution (Front)	5 Megapixel, f/1.7, 22mm, dual video call, auto HDR','Display Size & Resolution	5.5 inches, qHD 1440 x 2560 pixels (534 ppi)\r\nDisplay Type	Super AMOLED Touchscreen, Corning Gorilla Glass 4 protection','Black, White, Gold, Silver','RAM	4 GB\r\nROM	32/64 GB','Octa-core (Quad-core 2.3 GHz + quad-core 1.6 GHz)','Android Marshmallow v6.0','Camera Factors (Back)	f/1.7, 26mm, phase detection autofocus, OIS, LED flash, face detection, auto HDR, panorama','Bluetooth, GPS, A-GPS, MP3, MP4, Radio, GPRS, Edge, Multitouch, HTML5, NFC, Infrared','2016-03-01'),(58,'Xiaomi MI 5 C','android ',9,'Xiaomi','img/xiaomi_mi5c.png',12000,'2G, 3G, 4G','Lithium-ion 3600 mAh (non-removable)\r\nTalk-time: -\r\nWLAN usage: -','Camera Resolution (Back)	12 Megapixel\r\nCamera Resolution (Front)	5 Megapixel, f/1.7, 22mm, dual video call, auto HDR','Display Size & Resolution	5.5 inches, qHD 1440 x 2560 pixels (534 ppi)\r\nDisplay Type	Super AMOLED Touchscreen, Corning Gorilla Glass 4 protection','Black, White, Gold, Silver','RAM	4 GB\r\nROM	32/64 GB','Octa-core (Quad-core 2.3 GHz + quad-core 1.6 GHz)','Android Marshmallow v6.0','Camera Factors (Back)	f/1.7, 26mm, phase detection autofocus, OIS, LED flash, face detection, auto HDR, panorama','Bluetooth, GPS, A-GPS, MP3, MP4, Radio, GPRS, Edge, Multitouch, HTML5, NFC, Infrared','2016-03-01'),(59,'Xiaomi Redmi Note e','android ',9,'Xiaomi','img/xiaomi_redmi_note3.png',32000,'2G, 3G, 4G','Lithium-ion 3600 mAh (non-removable)\r\nTalk-time: -\r\nWLAN usage: -','Camera Resolution (Back)	12 Megapixel\r\nCamera Resolution (Front)	5 Megapixel, f/1.7, 22mm, dual video call, auto HDR','Display Size & Resolution	5.5 inches, qHD 1440 x 2560 pixels (534 ppi)\r\nDisplay Type	Super AMOLED Touchscreen, Corning Gorilla Glass 4 protection','Black, White, Gold, Silver','RAM	4 GB\r\nROM	32/64 GB','Octa-core (Quad-core 2.3 GHz + quad-core 1.6 GHz)','Android Marshmallow v6.0','Camera Factors (Back)	f/1.7, 26mm, phase detection autofocus, OIS, LED flash, face detection, auto HDR, panorama','Bluetooth, GPS, A-GPS, MP3, MP4, Radio, GPRS, Edge, Multitouch, HTML5, NFC, Infrared','2016-03-01'),(60,'Xiaomi Redmi Prime','android ',9,'Xiaomi','img/xiaomi_redmi_prime.png',25000,'2G, 3G, 4G','Lithium-ion 3600 mAh (non-removable)\r\nTalk-time: -\r\nWLAN usage: -','Camera Resolution (Back)	12 Megapixel\r\nCamera Resolution (Front)	5 Megapixel, f/1.7, 22mm, dual video call, auto HDR','Display Size & Resolution	5.5 inches, qHD 1440 x 2560 pixels (534 ppi)\r\nDisplay Type	Super AMOLED Touchscreen, Corning Gorilla Glass 4 protection','Black, White, Gold, Silver','RAM	4 GB\r\nROM	32/64 GB','Octa-core (Quad-core 2.3 GHz + quad-core 1.6 GHz)','Android Marshmallow v6.0','Camera Factors (Back)	f/1.7, 26mm, phase detection autofocus, OIS, LED flash, face detection, auto HDR, panorama','Bluetooth, GPS, A-GPS, MP3, MP4, Radio, GPRS, Edge, Multitouch, HTML5, NFC, Infrared','2016-03-01'),(61,'Xiaomi Redmi Prime 5','android ',9,'Xiaomi','img/xiaomi_redmi_prime.png',25000,'2G, 3G, 4G','Lithium-ion 3600 mAh (non-removable)\r\nTalk-time: -\r\nWLAN usage: -','Camera Resolution (Back)	12 Megapixel\r\nCamera Resolution (Front)	5 Megapixel, f/1.7, 22mm, dual video call, auto HDR','Display Size & Resolution	5.5 inches, qHD 1440 x 2560 pixels (534 ppi)\r\nDisplay Type	Super AMOLED Touchscreen, Corning Gorilla Glass 4 protection','Black, White, Gold, Silver','RAM	4 GB\r\nROM	32/64 GB','Octa-core (Quad-core 2.3 GHz + quad-core 1.6 GHz)','Android Marshmallow v6.0','Camera Factors (Back)	f/1.7, 26mm, phase detection autofocus, OIS, LED flash, face detection, auto HDR, panorama','Bluetooth, GPS, A-GPS, MP3, MP4, Radio, GPRS, Edge, Multitouch, HTML5, NFC, Infrared','2016-03-01'),(62,'Oppo A 37','android ',10,'Oppo','img/oppo_a37.png',85000,'2G, 3G, 4G','Lithium-ion 3600 mAh (non-removable)\r\nTalk-time: -\r\nWLAN usage: -','Camera Resolution (Back)	12 Megapixel\r\nCamera Resolution (Front)	5 Megapixel, f/1.7, 22mm, dual video call, auto HDR','Display Size & Resolution	5.5 inches, qHD 1440 x 2560 pixels (534 ppi)\r\nDisplay Type	Super AMOLED Touchscreen, Corning Gorilla Glass 4 protection','Black, White, Gold, Silver','RAM	4 GB\r\nROM	32/64 GB','Octa-core (Quad-core 2.3 GHz + quad-core 1.6 GHz)','Android Marshmallow v6.0','Camera Factors (Back)	f/1.7, 26mm, phase detection autofocus, OIS, LED flash, face detection, auto HDR, panorama','Bluetooth, GPS, A-GPS, MP3, MP4, Radio, GPRS, Edge, Multitouch, HTML5, NFC, Infrared','2016-03-01'),(63,'Oppo F1 s','android ',10,'Oppo','img/oppo_f1s.png',5000,'2G, 3G, 4G','Lithium-ion 3600 mAh (non-removable)\r\nTalk-time: -\r\nWLAN usage: -','Camera Resolution (Back)	12 Megapixel\r\nCamera Resolution (Front)	5 Megapixel, f/1.7, 22mm, dual video call, auto HDR','Display Size & Resolution	5.5 inches, qHD 1440 x 2560 pixels (534 ppi)\r\nDisplay Type	Super AMOLED Touchscreen, Corning Gorilla Glass 4 protection','Black, White, Gold, Silver','RAM	4 GB\r\nROM	32/64 GB','Octa-core (Quad-core 2.3 GHz + quad-core 1.6 GHz)','Android Marshmallow v6.0','Camera Factors (Back)	f/1.7, 26mm, phase detection autofocus, OIS, LED flash, face detection, auto HDR, panorama','Bluetooth, GPS, A-GPS, MP3, MP4, Radio, GPRS, Edge, Multitouch, HTML5, NFC, Infrared','2016-03-01'),(64,'Oppo F3','android ',10,'Oppo','img/oppo_f3_plus.png',29000,'2G, 3G, 4G','Lithium-ion 3600 mAh (non-removable)\r\nTalk-time: -\r\nWLAN usage: -','Camera Resolution (Back)	12 Megapixel\r\nCamera Resolution (Front)	5 Megapixel, f/1.7, 22mm, dual video call, auto HDR','Display Size & Resolution	5.5 inches, qHD 1440 x 2560 pixels (534 ppi)\r\nDisplay Type	Super AMOLED Touchscreen, Corning Gorilla Glass 4 protection','Black, White, Gold, Silver','RAM	4 GB\r\nROM	32/64 GB','Octa-core (Quad-core 2.3 GHz + quad-core 1.6 GHz)','Android Marshmallow v6.0','Camera Factors (Back)	f/1.7, 26mm, phase detection autofocus, OIS, LED flash, face detection, auto HDR, panorama','Bluetooth, GPS, A-GPS, MP3, MP4, Radio, GPRS, Edge, Multitouch, HTML5, NFC, Infrared','2016-03-01'),(65,'Oppo N3','android ',10,'Oppo','img/oppo_n3.png',39000,'2G, 3G, 4G','Lithium-ion 3600 mAh (non-removable)\r\nTalk-time: -\r\nWLAN usage: -','Camera Resolution (Back)	12 Megapixel\r\nCamera Resolution (Front)	5 Megapixel, f/1.7, 22mm, dual video call, auto HDR','Display Size & Resolution	5.5 inches, qHD 1440 x 2560 pixels (534 ppi)\r\nDisplay Type	Super AMOLED Touchscreen, Corning Gorilla Glass 4 protection','Black, White, Gold, Silver','RAM	4 GB\r\nROM	32/64 GB','Octa-core (Quad-core 2.3 GHz + quad-core 1.6 GHz)','Android Marshmallow v6.0','Camera Factors (Back)	f/1.7, 26mm, phase detection autofocus, OIS, LED flash, face detection, auto HDR, panorama','Bluetooth, GPS, A-GPS, MP3, MP4, Radio, GPRS, Edge, Multitouch, HTML5, NFC, Infrared','2016-03-01'),(66,'Oppo R7','android ',10,'Oppo','img/oppo_r7.png',32000,'2G, 3G, 4G','Lithium-ion 3600 mAh (non-removable)\r\nTalk-time: -\r\nWLAN usage: -','Camera Resolution (Back)	12 Megapixel\r\nCamera Resolution (Front)	5 Megapixel, f/1.7, 22mm, dual video call, auto HDR','Display Size & Resolution	5.5 inches, qHD 1440 x 2560 pixels (534 ppi)\r\nDisplay Type	Super AMOLED Touchscreen, Corning Gorilla Glass 4 protection','Black, White, Gold, Silver','RAM	4 GB\r\nROM	32/64 GB','Octa-core (Quad-core 2.3 GHz + quad-core 1.6 GHz)','Android Marshmallow v6.0','Camera Factors (Back)	f/1.7, 26mm, phase detection autofocus, OIS, LED flash, face detection, auto HDR, panorama','Bluetooth, GPS, A-GPS, MP3, MP4, Radio, GPRS, Edge, Multitouch, HTML5, NFC, Infrared','2016-03-01'),(67,'Oppo F1','android ',10,'Oppo','img/oppo_f1.png',22000,'2G, 3G, 4G','Lithium-ion 3600 mAh (non-removable)\r\nTalk-time: -\r\nWLAN usage: -','Camera Resolution (Back)	12 Megapixel\r\nCamera Resolution (Front)	5 Megapixel, f/1.7, 22mm, dual video call, auto HDR','Display Size & Resolution	5.5 inches, qHD 1440 x 2560 pixels (534 ppi)\r\nDisplay Type	Super AMOLED Touchscreen, Corning Gorilla Glass 4 protection','Black, White, Gold, Silver','RAM	4 GB\r\nROM	32/64 GB','Octa-core (Quad-core 2.3 GHz + quad-core 1.6 GHz)','Android Marshmallow v6.0','Camera Factors (Back)	f/1.7, 26mm, phase detection autofocus, OIS, LED flash, face detection, auto HDR, panorama','Bluetooth, GPS, A-GPS, MP3, MP4, Radio, GPRS, Edge, Multitouch, HTML5, NFC, Infrared','2016-03-01'),(69,'Nokia 1100','feature',1,'nok','img/f_nokia_1100.png',1900,'2G','Stand-by: Up to 400 h\r\nTalk time: Up to 4 h 30 min                                                                      \r\n\r\n\r\n\r\n\r\n\r\n.','no\r\n\r\n\r\n\r\n\r\n\r\n\r\n\r\n\r\n.','Display Resolution	96 x 65 pixels\r\nDisplay Type	Monochrome graphic\r\n\r\n\r\n\r\n\r\n\r\n\r\n\r\n.','black\r\n\r\n\r\n\r\n\r\n.','no','no','no','no','- Flashlight\n- Dynamic phonebook memory\n- Editable message templates\n- Predictive text input\n- SMS to many\n- Calculator\n- Stopwatch\n- Xpress-on front and back covers\n- Picture messaging','2000-04-01'),(70,'Motorola 886','feature',1,'motorola','img/f_motorola_886.png',1900,'2G','Stand-by: Up to 400 h\r\nTalk time: Up to 4 h 30 min                                                                      \r\n\r\n\r\n\r\n\r\n\r\n.','no\r\n\r\n\r\n\r\n\r\n\r\n\r\n\r\n\r\n.','Display Resolution	96 x 65 pixels\r\nDisplay Type	Monochrome graphic\r\n\r\n\r\n\r\n\r\n\r\n\r\n\r\n.','black\r\n\r\n\r\n\r\n\r\n.','no','no','no','no','- Flashlight\r\n- Dynamic phonebook memory\r\n- Editable message templates\r\n- Predictive text input\r\n- SMS to many\r\n- Calculator\r\n- Stopwatch\r\n- Xpress-on front and back covers\r\n- Picture messaging','2000-04-01'),(71,'Nokia 109','feature',1,'nok','img/f_nokia_109.png',2500,'2G','Stand-by: Up to 400 h\r\nTalk time: Up to 4 h 30 min                                                                      \r\n\r\n\r\n\r\n\r\n\r\n.','no\r\n\r\n\r\n\r\n\r\n\r\n\r\n\r\n\r\n.','Display Resolution	96 x 65 pixels\r\nDisplay Type	Monochrome graphic\r\n\r\n\r\n\r\n\r\n\r\n\r\n\r\n.','black\r\n\r\n\r\n\r\n\r\n.','no','no','no','no','- Flashlight\r\n- Dynamic phonebook memory\r\n- Editable message templates\r\n- Predictive text input\r\n- SMS to many\r\n- Calculator\r\n- Stopwatch\r\n- Xpress-on front and back covers\r\n- Picture messaging','2000-04-01'),(72,'Nokia 130','feature',1,'nok','img/f_nokia_130.png',2500,'2G','Stand-by: Up to 400 h\r\nTalk time: Up to 4 h 30 min                                                                      \r\n\r\n\r\n\r\n\r\n\r\n.','no\r\n\r\n\r\n\r\n\r\n\r\n\r\n\r\n\r\n.','Display Resolution	96 x 65 pixels\r\nDisplay Type	Monochrome graphic\r\n\r\n\r\n\r\n\r\n\r\n\r\n\r\n.','black\r\n\r\n\r\n\r\n\r\n.','no','no','no','no','- Flashlight\r\n- Dynamic phonebook memory\r\n- Editable message templates\r\n- Predictive text input\r\n- SMS to many\r\n- Calculator\r\n- Stopwatch\r\n- Xpress-on front and back covers\r\n- Picture messaging','2000-04-01'),(73,'Nokia 3310','feature',1,'nok','img/f_nokia_3310.png',3000,'2G','Stand-by: Up to 400 h\r\nTalk time: Up to 4 h 30 min                                                                      \r\n\r\n\r\n\r\n\r\n\r\n.','no\r\n\r\n\r\n\r\n\r\n\r\n\r\n\r\n\r\n.','Display Resolution	96 x 65 pixels\r\nDisplay Type	Monochrome graphic\r\n\r\n\r\n\r\n\r\n\r\n\r\n\r\n.','black\r\n\r\n\r\n\r\n\r\n.','no','no','no','no','- Flashlight\r\n- Dynamic phonebook memory\r\n- Editable message templates\r\n- Predictive text input\r\n- SMS to many\r\n- Calculator\r\n- Stopwatch\r\n- Xpress-on front and back covers\r\n- Picture messaging','2000-04-01'),(74,'Samsung Guru E1200','feature',1,'sam','img/f_samsung_guru_e1200.png',3000,'2G','Stand-by: Up to 400 h\r\nTalk time: Up to 4 h 30 min                                                                      \r\n\r\n\r\n\r\n\r\n\r\n.','no\r\n\r\n\r\n\r\n\r\n\r\n\r\n\r\n\r\n.','Display Resolution	96 x 65 pixels\r\nDisplay Type	Monochrome graphic\r\n\r\n\r\n\r\n\r\n\r\n\r\n\r\n.','black\r\n\r\n\r\n\r\n\r\n.','no','no','no','no','- Flashlight\r\n- Dynamic phonebook memory\r\n- Editable message templates\r\n- Predictive text input\r\n- SMS to many\r\n- Calculator\r\n- Stopwatch\r\n- Xpress-on front and back covers\r\n- Picture messaging','2000-04-01'),(75,'ASUS Zen Tab','tab',1,'asu','img/asus_zen3.png',23000,'2G, 3G, 4G','Lithium-ion 3600 mAh (non-removable)\r\nTalk-time: -\r\nWLAN usage: -','Camera Resolution (Back)	12 Megapixel\r\nCamera Resolution (Front)	5 Megapixel, f/1.7, 22mm, dual video call, auto HDR','Display Size & Resolution	5.5 inches, qHD 1440 x 2560 pixels (534 ppi)\r\nDisplay Type	Super AMOLED Touchscreen, Corning Gorilla Glass 4 protection','Black, White, Gold, Silver','RAM	4 GB\r\nROM	32/64 GB','Octa-core (Quad-core 2.3 GHz + quad-core 1.6 GHz)','Android Marshmallow v6.0','Camera Factors (Back)	f/1.7, 26mm, phase detection autofocus, OIS, LED flash, face detection, auto HDR, panorama','Bluetooth, GPS, A-GPS, MP3, MP4, Radio, GPRS, Edge, Multitouch, HTML5, NFC, Infrared','2016-03-01'),(76,'ASUS Zen Go Tab','tab',1,'asu','img/asus_zen_go.png',67000,'2G, 3G, 4G','Lithium-ion 3600 mAh (non-removable)\r\nTalk-time: -\r\nWLAN usage: -','Camera Resolution (Back)	12 Megapixel\r\nCamera Resolution (Front)	5 Megapixel, f/1.7, 22mm, dual video call, auto HDR','Display Size & Resolution	5.5 inches, qHD 1440 x 2560 pixels (534 ppi)\r\nDisplay Type	Super AMOLED Touchscreen, Corning Gorilla Glass 4 protection','Black, White, Gold, Silver','RAM	4 GB\r\nROM	32/64 GB','Octa-core (Quad-core 2.3 GHz + quad-core 1.6 GHz)','Android Marshmallow v6.0','Camera Factors (Back)	f/1.7, 26mm, phase detection autofocus, OIS, LED flash, face detection, auto HDR, panorama','Bluetooth, GPS, A-GPS, MP3, MP4, Radio, GPRS, Edge, Multitouch, HTML5, NFC, Infrared','2016-03-01'),(77,'Symphony H 175 Tab','tab',1,'Symphon','img/sym_h175.png',20000,'2G, 3G, 4G','Lithium-ion 3600 mAh (non-removable)\r\nTalk-time: -\r\nWLAN usage: -','Camera Resolution (Back)	12 Megapixel\r\nCamera Resolution (Front)	5 Megapixel, f/1.7, 22mm, dual video call, auto HDR','Display Size & Resolution	5.5 inches, qHD 1440 x 2560 pixels (534 ppi)\r\nDisplay Type	Super AMOLED Touchscreen, Corning Gorilla Glass 4 protection','Black, White, Gold, Silver','RAM	4 GB\r\nROM	32/64 GB','Octa-core (Quad-core 2.3 GHz + quad-core 1.6 GHz)','Android Marshmallow v6.0','Camera Factors (Back)	f/1.7, 26mm, phase detection autofocus, OIS, LED flash, face detection, auto HDR, panorama','Bluetooth, GPS, A-GPS, MP3, MP4, Radio, GPRS, Edge, Multitouch, HTML5, NFC, Infrared','2016-03-01'),(78,'Symphony i10 Tab','tab',1,'Symphon','img/sym_i10.png',31000,'2G, 3G, 4G','Lithium-ion 3600 mAh (non-removable)\r\nTalk-time: -\r\nWLAN usage: -','Camera Resolution (Back)	12 Megapixel\r\nCamera Resolution (Front)	5 Megapixel, f/1.7, 22mm, dual video call, auto HDR','Display Size & Resolution	5.5 inches, qHD 1440 x 2560 pixels (534 ppi)\r\nDisplay Type	Super AMOLED Touchscreen, Corning Gorilla Glass 4 protection','Black, White, Gold, Silver','RAM	4 GB\r\nROM	32/64 GB','Octa-core (Quad-core 2.3 GHz + quad-core 1.6 GHz)','Android Marshmallow v6.0','Camera Factors (Back)	f/1.7, 26mm, phase detection autofocus, OIS, LED flash, face detection, auto HDR, panorama','Bluetooth, GPS, A-GPS, MP3, MP4, Radio, GPRS, Edge, Multitouch, HTML5, NFC, Infrared','2016-03-01'),(79,'Walton Primo X2 Tab','tab',1,'Walto','img/walton_primo_x2.png',12000,'2G, 3G, 4G','Lithium-ion 3600 mAh (non-removable)\r\nTalk-time: -\r\nWLAN usage: -','Camera Resolution \n                  \n                  \n     (Back)	12 Megapixel\nCamera Resolution (Front)	5 Megapixel, f/1.7, 22mm, dual video call, auto HDR','Display Size & Resolution	5.5 inches, qHD 1440 x 2560 pixels (534 ppi)\r\nDisplay Type	Super AMOLED Touchscreen, Corning Gorilla Glass 4 protection','Black, White, Gold, Silver','RAM	4 GB\r\nROM	32/64 GB','Octa-core (Quad-core 2.3 GHz + quad-core 1.6 GHz)','Android Marshmallow v6.0','Camera Factors (Back)	f/1.7, 26mm, phase detection autofocus, OIS, LED flash, face detection, auto HDR, panorama','Bluetooth, GPS, A-GPS, MP3, MP4, Radio, GPRS, Edge, Multitouch, HTML5, NFC, Infrared','2016-03-01'),(80,'ASUS Zen 6 Tab','tab',1,'asu','img/asus_zen6.png',32000,'2G, 3G, 4G','Lithium-ion 3600 mAh (non-removable)\r\nTalk-time: -\r\nWLAN usage: -','Camera Resolution (Back)	12 Megapixel\r\nCamera Resolution (Front)	5 Megapixel, f/1.7, 22mm, dual video call, auto HDR','Display Size & Resolution	5.5 inches, qHD 1440 x 2560 pixels (534 ppi)\r\nDisplay Type	Super AMOLED Touchscreen, Corning Gorilla Glass 4 protection','Black, White, Gold, Silver','RAM	4 GB\r\nROM	32/64 GB','Octa-core (Quad-core 2.3 GHz + quad-core 1.6 GHz)','Android Marshmallow v6.0','Camera Factors (Back)	f/1.7, 26mm, phase detection autofocus, OIS, LED flash, face detection, auto HDR, panorama','Bluetooth, GPS, A-GPS, MP3, MP4, Radio, GPRS, Edge, Multitouch, HTML5, NFC, Infrared','2016-03-01');
/*!40000 ALTER TABLE `phones` ENABLE KEYS */;
UNLOCK TABLES;

--
-- Table structure for table `registration`
--

DROP TABLE IF EXISTS `registration`;
/*!40101 SET @saved_cs_client     = @@character_set_client */;
/*!40101 SET character_set_client = utf8 */;
CREATE TABLE `registration` (
  `id` int(11) NOT NULL AUTO_INCREMENT,
  `name` varchar(50) NOT NULL,
  `phoneNumber` varchar(11) NOT NULL,
  `adress` varchar(50) NOT NULL,
  `userName` varchar(50) NOT NULL,
  `password` varchar(50) NOT NULL,
  PRIMARY KEY (`id`,`password`,`userName`,`phoneNumber`)
) ENGINE=InnoDB AUTO_INCREMENT=8 DEFAULT CHARSET=latin1;
/*!40101 SET character_set_client = @saved_cs_client */;

--
-- Dumping data for table `registration`
--

LOCK TABLES `registration` WRITE;
/*!40000 ALTER TABLE `registration` DISABLE KEYS */;
INSERT INTO `registration` VALUES (1,'anni','545','hgh jhbjhg','anni','anni'),(2,'sanjana','0155','jkhhjb jhbj','sanju','sanju'),(3,'jkhj','0155','kmkl','abc','abc'),(4,'anni','545','hbjh','tahu','tahu'),(5,'sanjana','0155','bjhvgh','b','b'),(6,'anni','545','kjjoij','okok','okok'),(7,'san','123','jkjk','opop','111');
/*!40000 ALTER TABLE `registration` ENABLE KEYS */;
UNLOCK TABLES;
/*!40103 SET TIME_ZONE=@OLD_TIME_ZONE */;

/*!40101 SET SQL_MODE=@OLD_SQL_MODE */;
/*!40014 SET FOREIGN_KEY_CHECKS=@OLD_FOREIGN_KEY_CHECKS */;
/*!40014 SET UNIQUE_CHECKS=@OLD_UNIQUE_CHECKS */;
/*!40101 SET CHARACTER_SET_CLIENT=@OLD_CHARACTER_SET_CLIENT */;
/*!40101 SET CHARACTER_SET_RESULTS=@OLD_CHARACTER_SET_RESULTS */;
/*!40101 SET COLLATION_CONNECTION=@OLD_COLLATION_CONNECTION */;
/*!40111 SET SQL_NOTES=@OLD_SQL_NOTES */;

-- Dump completed on 2018-02-11  2:15:15
